id,category_id,category_zh,category_ko,category_en,category_index,image_file,image_alt,korean_product_name,english_product_name,price_krw,moq,certificates,source_url
power-bank-01,power-bank,移动电源,보조배터리,Power Banks,1,images/power_bank_01.img,REMAX FP-22 移动电源,REMAX FP-22 20W+22.5W PD+QC 30000mAh 휴대용 고속 충전 보조배터리,REMAX FP-22 20W+22.5W PD+QC 30000mAh Portable Fast-Charging Power Bank,"₩19,236–21,067",10 pieces,CE,https://www.alibaba.com/product-detail/REMAX-FP-22-20W-22-5W_1600072513371.html
power-bank-02,power-bank,移动电源,보조배터리,Power Banks,2,images/power_bank_02.img,50000mAh 移动电源,대용량 50000mAh 22.5W 고속 충전 보조배터리 (내장 케이블·휴대용 스트랩),50000mAh 22.5W Fast-Charging Power Bank with Built-in Cable and Carry Strap,"₩15,647–17,861",10 pieces,CE,https://www.alibaba.com/product-detail/Large-Capacity-50000mah-Power-Banks-Mobile_1601630109541.html
power-bank-03,power-bank,移动电源,보조배터리,Power Banks,3,images/power_bank_03.img,Mcdodo 20000mAh 移动电源,Mcdodo 423 트리플 USB 출력 20000mAh 22.5W 고속 충전 LED 보조배터리,Mcdodo 423 Triple-USB 20000mAh 22.5W Fast-Charging Power Bank with LED Display,"₩21,373",10 pieces,CE,https://www.alibaba.com/product-detail/Mcdodo-423-Triple-USB-Output-20000mAh_1600603296155.html
power-bank-04,power-bank,移动电源,보조배터리,Power Banks,4,images/power_bank_04.img,PD 22.5W 20000mAh 移动电源,PD 22.5W 고속 충전 20000mAh 휴대용 보조배터리,PD 22.5W Fast-Charging 20000mAh Portable Power Bank,"₩9,619–10,533","2,000 pieces",CE; RoHS,https://www.alibaba.com/product-detail/2025-New-Products-PD-22-5W_1600953041160.html
power-bank-05,power-bank,移动电源,보조배터리,Power Banks,5,images/power_bank_05.img,8000/10000mAh 移动电源,휴대용 8000/10000mAh 대용량 스마트폰 보조배터리,Portable 8000/10000mAh High-Capacity Smartphone Power Bank,"₩6,001–6,993",10 pieces,CE,https://www.alibaba.com/product-detail/Portable-Powerbank-Portable-Mobile-Phone-Battery_1601400656352.html
power-bank-06,power-bank,移动电源,보조배터리,Power Banks,6,images/power_bank_06.img,超薄无线磁吸移动电源,초슬림 5000/10000mAh 15W 마그네틱 무선 보조배터리 (로고 맞춤 제작),Ultra-Slim 5000/10000mAh 15W Magnetic Wireless Power Bank with Custom Logo,"₩8,702–9,924",10 pieces,CE,https://www.alibaba.com/product-detail/Super-Slim-5000mAh-Power-Bank-With_1601623167099.html
power-bank-07,power-bank,移动电源,보조배터리,Power Banks,7,images/power_bank_07.img,PD100W 笔记本移动电源,PD100W 디지털 표시 20000mAh 리튬폴리머 노트북 고속 충전 보조배터리,PD100W 20000mAh Li-Polymer Laptop Power Bank with Digital Display,"₩22,882–25,493",20 pieces,CE,https://www.alibaba.com/product-detail/Hot-Selling-PD100W-Portable-Digital-Display_1601492254458.html
power-bank-08,power-bank,移动电源,보조배터리,Power Banks,8,images/power_bank_08.img,定制标志 10000mAh 移动电源,로고 맞춤형 10000mAh 보조배터리 (듀얼 USB 출력·Type-C 입력),Custom-Logo 10000mAh Power Bank with Dual USB Output and Type-C Input,"₩5,481–6,413",50 pieces,CE,https://www.alibaba.com/product-detail/Customized-Logo-Portable-10000mAh-Power-Bank_1600180547922.html
power-bank-09,power-bank,移动电源,보조배터리,Power Banks,9,images/power_bank_09.img,LISEN 超薄磁吸移动电源,LISEN 초슬림 5000mAh 마그네틱 무선 고속 충전 보조배터리,LISEN Ultra-Slim 5000mAh Magnetic Wireless Fast-Charging Power Bank,"₩15,847–16,700",5 pieces,CE,https://www.alibaba.com/product-detail/LISEN-New-Ultra-Slim-Fast-Charging_1601674441049.html
power-bank-10,power-bank,移动电源,보조배터리,Power Banks,10,images/power_bank_10.img,5000mAh 无线充电宝,초슬림 5000mAh 무선 보조배터리 OEM PD 20W 고속 충전,Ultra-Slim 5000mAh Wireless Power Bank with OEM PD 20W Fast Charging,"₩7,846","1,000 pieces",CE,https://www.alibaba.com/product-detail/Slim-Wireless-Power-Banks-Factory-Price_1601276974668.html
power-bank-11,power-bank,移动电源,보조배터리,Power Banks,11,images/power_bank_11.img,Oraimo 20000mAh 移动电源,Oraimo 20000mAh 듀얼 USB 대용량 고속 충전 보조배터리,Oraimo 20000mAh High-Capacity Fast-Charging Power Bank with Dual USB Output,"₩30,210–33,583",10 pieces,CE,https://www.alibaba.com/product-detail/Oraimo-High-Quality-20000mah-Power-Bank_1601551270901.html
power-bank-12,power-bank,移动电源,보조배터리,Power Banks,12,images/power_bank_12.img,10000mAh 锂聚合物移动电源,휴대용 10000mAh 리튬폴리머 보조배터리 (표시등·10W 출력),Portable 10000mAh Li-Polymer Power Bank with Indicator Light and 10W Output,"₩6,778–7,618",2 pieces,CE,https://www.alibaba.com/product-detail/Portable-10000mah-Li-Polymer-Power-Bank_1601382107336.html
power-bank-13,power-bank,移动电源,보조배터리,Power Banks,13,images/power_bank_13.img,铝合金无线移动电源,10000mAh 알루미늄 합금 초슬림 20W 마그네틱 무선 고속 충전 보조배터리,10000mAh Aluminum Alloy Ultra-Slim 20W Magnetic Wireless Power Bank,"₩22,593–22,898",500 pieces,CE,https://www.alibaba.com/product-detail/High-Quality-10000mAh-Aluminum-Alloy-Slim_1601300629711.html
power-bank-14,power-bank,移动电源,보조배터리,Power Banks,14,images/power_bank_14.img,信用卡大小 5000mAh 移动电源,신용카드 크기 5000mAh 미니 LCD 디지털 보조배터리,Credit-Card-Size 5000mAh Mini Power Bank with LCD Digital Display,"₩4,138","1,000 pieces",CE,https://www.alibaba.com/product-detail/Portable-Power-Bank-Mini-Credit-Card_1600398631623.html
power-bank-15,power-bank,移动电源,보조배터리,Power Banks,15,images/power_bank_15.img,环保礼品移动电源,친환경 코코넛 소재 Type-C 10000mAh 기업 판촉용 보조배터리,Eco-Friendly Coconut Type-C 10000mAh Corporate Gift Power Bank with Custom Logo,"₩4,566–7,618",100 pieces,CE,https://www.alibaba.com/product-detail/Coconut-Eco-Friendly-Custom-Logo-Corporate_1601034375931.html
power-bank-16,power-bank,移动电源,보조배터리,Power Banks,16,images/power_bank_16.img,迷你快充移动电源,미니 휴대용 고속 충전 보조배터리,Mini Portable Fast-Charging Power Bank,"₩2,458–3,038",100 pieces,CE,https://www.alibaba.com/product-detail/mini-power-bank-portable-power-bank_1601581512132.html
power-bank-17,power-bank,移动电源,보조배터리,Power Banks,17,images/power_bank_17.img,20000mAh 无线移动电源,20000mAh 스마트폰 고속 충전 휴대용 무선 보조배터리,20000mAh Portable Wireless Fast-Charging Smartphone Power Bank,"₩3,742–11,618",50 pieces,CE,https://www.alibaba.com/product-detail/Fast-Quick-Charge-20000Mah-Power-Banks_1601042359865.html
power-bank-18,power-bank,移动电源,보조배터리,Power Banks,18,images/power_bank_18.img,钥匙扣迷你移动电源,로고 맞춤형 2000/4000mAh 내장 케이블 키링 미니 보조배터리,Custom-Logo 2000/4000mAh Mini Keychain Power Bank with Built-in Cable,"₩5,114–6,108",2 pieces,CE,https://www.alibaba.com/product-detail/Custom-Logo-Portable-Charger-2000mah-4000mah_1600178905857.html
power-bank-19,power-bank,移动电源,보조배터리,Power Banks,19,images/power_bank_19.img,超薄 10000/20000mAh 移动电源,로고 맞춤형 초슬림 10000/20000mAh 여행용 고속 충전 보조배터리,Custom-Logo Ultra-Slim 10000/20000mAh Travel Fast-Charging Power Bank,"₩4,428–5,345",20 pieces,CE,https://www.alibaba.com/product-detail/Custom-Logo-Slim-Mini-Fast-Charger_1600380280315.html
power-bank-20,power-bank,移动电源,보조배터리,Power Banks,20,images/power_bank_20.img,四线 20000mAh 移动电源,4개 내장 케이블 PD 22.5W 20000mAh 휴대용 보조배터리 (Type-C 포트),PD 22.5W 20000mAh Portable Power Bank with Four Built-in Cables and Type-C Port,"₩7,466–12,351",1 set,CE,https://www.alibaba.com/product-detail/Top-Selling-New-Product-4-Cables_1600545990064.html
power-bank-21,power-bank,移动电源,보조배터리,Power Banks,21,images/power_bank_21.img,Remax Amzo 10000mAh 移动电源,Remax Amzo 10000mAh 초슬림 경량 고속 충전 보조배터리,Remax Amzo 10000mAh Ultra-Slim Lightweight Fast-Charging Power Bank,"₩6,336–6,977",2 pieces,CE,https://www.alibaba.com/product-detail/Remax-Amzo-Hot-Selling-Power-Banks_1601166546525.html
power-bank-22,power-bank,移动电源,보조배터리,Power Banks,22,images/power_bank_22.img,Miccell 35W 10000mAh 移动电源,Miccell PD 35W 10000mAh 내장 케이블 LED 표시 방수 보조배터리,Miccell PD 35W 10000mAh Waterproof Power Bank with Built-in Cable and LED Display,"₩13,510–13,787",100 boxes,CE,https://www.alibaba.com/product-detail/Miccell-Portable-PD-35W-Mini-Power_1601442430837.html
power-bank-23,power-bank,移动电源,보조배터리,Power Banks,23,images/power_bank_23.img,口红式 5000mAh 移动电源,립스틱형 5000mAh 미니 비상용 보조배터리 (내장 케이블·스탠드),Lipstick-Style 5000mAh Mini Emergency Power Bank with Built-in Cable and Stand,"₩5,451–6,520",10 pieces,CE,https://www.alibaba.com/product-detail/Capsule-Emergency-Lipstick-Small-Mini-Portable_1601569608046.html
power-bank-24,power-bank,移动电源,보조배터리,Power Banks,24,images/power_bank_24.img,Prosub 5000mAh 无线移动电源,Prosub 5000mAh 휴대용 마그네틱 무선 고속 충전 보조배터리,Prosub 5000mAh Portable Magnetic Wireless Fast-Charging Power Bank,"₩9,159–9,924",1 piece,CE,https://www.alibaba.com/product-detail/Prosub-Sublimation-Blank-Power-Bank-5000mAh_1601614575613.html
power-bank-25,power-bank,移动电源,보조배터리,Power Banks,25,images/power_bank_25.img,10000mAh 便携式移动电源,10000mAh 휴대용 외장 배터리 고속 충전 보조배터리,10000mAh Portable External-Battery Fast-Charging Power Bank,"₩6,717–7,634",50 pieces,CE,https://www.alibaba.com/product-detail/High-Quality-10000-MAH-Powerbank-Portable_1601726919767.html
power-bank-26,power-bank,移动电源,보조배터리,Power Banks,26,images/power_bank_26.img,无线磁吸移动电源,아이폰용 5000/10000mAh 무선 마그네틱 고속 충전 보조배터리,5000/10000mAh Wireless Magnetic Fast-Charging Power Bank for iPhone,"₩6,092–10,977",50 pieces,CE,https://www.alibaba.com/product-detail/Fast-Charging-Wireless-Magnetic-Power-Banks_1601668032957.html
power-bank-27,power-bank,移动电源,보조배터리,Power Banks,27,images/power_bank_27.img,50000mAh 超薄移动电源,공장 맞춤형 50000mAh 초슬림 휴대용 22.5W 고속 충전 보조배터리,Factory-Custom 50000mAh Ultra-Slim Portable 22.5W Fast-Charging Power Bank,"₩11,892–13,388",1 piece,CE,https://www.alibaba.com/product-detail/Factory-Custom-High-Capacity-50000mAh-Ultra_1601591643815.html
power-bank-28,power-bank,移动电源,보조배터리,Power Banks,28,images/power_bank_28.img,超薄无线磁吸移动电源,초슬림 5000/10000mAh 15W/20W 무선 마그네틱 고속 충전 보조배터리,Ultra-Slim 5000/10000mAh 15W/20W Wireless Magnetic Fast-Charging Power Bank,"₩14,946–15,251",2 pieces,CE,https://www.alibaba.com/product-detail/Ultra-Thin-Portable-15w-20W-Wireless_1601595315331.html
power-bank-29,power-bank,移动电源,보조배터리,Power Banks,29,images/power_bank_29.img,5000mAh 内置线迷你移动电源,5000mAh 내장 케이블·스탠드 미니 보조배터리,5000mAh Mini Power Bank with Built-in Cable and Stand,"₩5,345–6,108",20 pieces,CE,https://www.alibaba.com/product-detail/2025-Trending-Product-Hot-Sale-10000mAh_1600892319410.html
power-bank-30,power-bank,移动电源,보조배터리,Power Banks,30,images/power_bank_30.img,磁性铝 5000mAh 移动电源,마그네틱 알루미늄 합금 5000mAh 초슬림 무선 충전 보조배터리,Magnetic Aluminum Alloy 5000mAh Ultra-Slim Wireless-Charging Power Bank,"₩10,060–11,068",10 pieces,CE,https://www.alibaba.com/product-detail/Magnetic-Aluminum-Power-Bank-Ultra-Slim_1601403725477.html
womens-dresses-01,womens-dresses,女士连衣裙,여성 원피스,Women's Dresses,1,images/dress_01.img,여름 A라인 미니 원피스,맞춤형 여름 A라인 미니 원피스 반소매 V넥 Y2K 스타일,"Custom Summer A-Line Mini Dress with Short Sleeves and V-Neck, Y2K Style","₩19,082–22,898",50 pieces,OEKO-TEX 100,https://www.alibaba.com/product-detail/Customizable-Summer-A-Line-Mini-Dresses_1601262949219.html
womens-dresses-02,womens-dresses,女士连衣裙,여성 원피스,Women's Dresses,2,images/dress_02.img,프린트 맥시 원피스,맞춤 프린트 V넥 민소매 벨티드 맥시 원피스,Custom-Print V-Neck Sleeveless Belted Maxi Dress,"₩19,541–22,593",100 pieces,OEKO-TEX 100,https://www.alibaba.com/product-detail/Manufacturer-Ladies-Dress-casual-Dress-Custom_1601720412716.html
womens-dresses-03,womens-dresses,女士连衣裙,여성 원피스,Women's Dresses,3,images/dress_03.img,브라운 스웨이드 셔츠 맥시 원피스,올드머니 브라운 스웨이드 셔츠형 맥시 원피스 (허리끈·긴소매),Old-Money Brown Suede Shirt Maxi Dress with Long Sleeves and Tie Waist,"₩15,267",50 pieces,OEKO-TEX 100,https://www.alibaba.com/product-detail/Custom-Women-Elegant-Old-Money-Brown_1601813381027.html
womens-dresses-04,womens-dresses,女士连衣裙,여성 원피스,Women's Dresses,4,images/dress_04.img,여름 바디콘 롱 원피스,로고 맞춤형 여름 바디콘 롱 원피스,Custom-Logo Summer Bodycon Long Dress,"₩14,961–26,561",50 pieces,OEKO-TEX 100,https://www.alibaba.com/product-detail/2026-Custom-Logo-Bodycon-Women-Dress_1600452613497.html
womens-dresses-05,womens-dresses,女士连衣裙,여성 원피스,Women's Dresses,5,images/dress_05.img,무릎길이 민소매 원피스,여성 캐주얼 무릎길이 민소매 슬림핏 원피스,Women's Casual Knee-Length Sleeveless Slim-Fit Dress,"₩7,267–10,382",50 pieces,OEKO-TEX 100,https://www.alibaba.com/product-detail/Women-s-Casual-Knee-Length-Sleeveless_1601568310731.html
womens-dresses-06,womens-dresses,女士连衣裙,여성 원피스,Women's Dresses,6,images/dress_06.img,보헤미안 홀터넥 선드레스,MANNI 스트라이프 홀터넥 보헤미안 선드레스 (컷아웃·러플 밑단),MANNI Striped Halter Bohemian Sundress with Cutout Detail and Ruffle Hem,"₩28,089–35,569",50 pieces,OEKO-TEX 100,https://www.alibaba.com/product-detail/MANNI-Custom-Sun-Dresses-2021-Women_1600477332337.html
womens-dresses-07,womens-dresses,女士连衣裙,여성 원피스,Women's Dresses,7,images/dress_07.img,입체 텍스처 미니 파티 원피스,여름 입체 텍스처 섹시 미니 파티 원피스,Summer 3D-Textured Sexy Mini Party Dress,"₩10,579",50 pieces,OEKO-TEX 100,https://www.alibaba.com/product-detail/Summer-Dresses-Women-2025-Wholesale-Ladies_1601348541809.html
womens-dresses-08,womens-dresses,女士连衣裙,여성 원피스,Women's Dresses,8,images/dress_08.img,스트랩리스 레이스 미니 원피스,여름 스트랩리스 더블 레이스 패널 미니 원피스,Summer Strapless Mini Dress with Double Lace Panels,"₩18,167–21,219",2 pieces,OEKO-TEX 100,https://www.alibaba.com/product-detail/2026-Summer-Elegant-Women-Casual-Dress_1600879114753.html
womens-dresses-09,womens-dresses,女士连衣裙,여성 원피스,Women's Dresses,9,images/dress_09.img,핑크 스퀘어넥 맥시 원피스,빈티지 핑크 스퀘어넥 맥시 원피스 (퍼프소매·레이스 장식),Vintage Pink Square-Neck Maxi Dress with Puff Sleeves and Lace Trim,"₩20,395–24,669",100 pieces,OEKO-TEX 100,https://www.alibaba.com/product-detail/Vintage-Elegant-Party-Trendy-Pink-Square_1601519799045.html
womens-dresses-10,womens-dresses,女士连衣裙,여성 원피스,Women's Dresses,10,images/dress_10.img,바디콘 이브닝 롱 원피스,맞춤형 바디콘 섹시 이브닝 롱 원피스,Custom Bodycon Sexy Evening Long Dress,"₩16,639–26,258",20 pieces,OEKO-TEX 100,https://www.alibaba.com/product-detail/Custom-Bodycon-Dress-Women-Wholesale-Sexy_1600725000057.html
womens-dresses-11,womens-dresses,女士连衣裙,여성 원피스,Women's Dresses,11,images/dress_11.img,100% 실크 슬립 드레스,QIYUE 100% 실크 럭셔리 슬립 드레스,QIYUE 100% Pure Silk Luxury Sleep Dress,"₩160,284",1 set,OEKO-TEX 100,https://www.alibaba.com/product-detail/QIYUE-Pure-100-Silk-Sleepwear-Silk_11000001539697.html
womens-dresses-12,womens-dresses,女士连衣裙,여성 원피스,Women's Dresses,12,images/dress_12.img,프리미엄 맞춤형 여성 원피스,프리미엄 맞춤형 여성 원피스 OEM/ODM,"Premium Custom Women's Dress, OEM/ODM Manufacturing","₩24,272–26,715",50 pieces,OEKO-TEX 100,https://www.alibaba.com/product-detail/Custom-Dress-Bespoke-Factory-OEM-ODM_1601761646403.html
womens-dresses-13,womens-dresses,女士连衣裙,여성 원피스,Women's Dresses,13,images/dress_13.img,핑크 니트 파티 원피스 세트,Huili 여성 2피스 핑크 민소매 니트 파티 원피스 세트,Huili Women's 2-Piece Pink Sleeveless Knit Party Dress Set,"₩16,639–22,747",100 pieces,OEKO-TEX 100,https://www.alibaba.com/product-detail/Huili-Manufacturer-Dress-Set-Women-2_1601156373656.html
womens-dresses-14,womens-dresses,女士连衣裙,여성 원피스,Women's Dresses,14,images/dress_14.img,비대칭 플리츠 이브닝 원피스,솔리드 딥 V넥 슬립 비대칭 플리츠 이브닝 원피스,Solid Deep-V Slip Asymmetric Pleated Evening Dress,"₩31,906–36,486",50 sets,OEKO-TEX 100,https://www.alibaba.com/product-detail/New-Tending-Solid-Color-Ladies-Dress_1600463358810.html
womens-dresses-15,womens-dresses,女士连衣裙,여성 원피스,Women's Dresses,15,images/dress_15.img,내장 보정복 블랙 맥시 원피스,블랙 긴소매 심리스 맥시 원피스 (내장 보정복),Black Long-Sleeve Seamless Maxi Dress with Built-in Shapewear,"₩17,556–22,106",1 piece,OEKO-TEX 100,https://www.alibaba.com/product-detail/Wholesale-Custom-2023-Autumn-and-Winter_1600869382870.html
womens-dresses-16,womens-dresses,女士连衣裙,여성 원피스,Women's Dresses,16,images/dress_16.img,크로스백 테니스 원피스 세트,여성 크로스백 테니스 원피스 2피스 세트 (포켓·골프 겸용),Women's Cross-Back Tennis Dress 2-Piece Set with Pockets for Golf and Outdoor Sports,"₩21,357–25,325",2 pieces,OEKO-TEX 100,https://www.alibaba.com/product-detail/New-Arrivals-Women-Cross-Back-Tennis_1601732058664.html
womens-dresses-17,womens-dresses,女士连衣裙,여성 원피스,Women's Dresses,17,images/dress_17.img,플로럴 실크 코튼 원피스,16MM 플로럴 코티지코어 실크 코튼 원피스,16MM Floral Cottagecore Silk-Cotton Dress,"₩53,154–60,099",50 pieces,OEKO-TEX 100,https://www.alibaba.com/product-detail/Customized-Low-priced-Factory-Direct-Sales_1601716346159.html
womens-dresses-18,womens-dresses,女士连衣裙,여성 원피스,Women's Dresses,18,images/dress_18.img,스위트 스타일 캐주얼 원피스,Beefey 봄여름 스위트 스타일 경량 통기성 캐주얼 원피스,Beefey Spring/Summer Sweet-Style Lightweight Breathable Casual Dress,"₩16,594–24,424",50 pieces,OEKO-TEX 100,https://www.alibaba.com/product-detail/Beefey-Summer-Spring-New-Arrival-Sweet_1601618659470.html
womens-dresses-19,womens-dresses,女士连衣裙,여성 원피스,Women's Dresses,19,images/dress_19.img,피터팬 칼라 오피스 원피스,피터팬 칼라 더블브레스트 골드 버튼 플리츠 A라인 오피스 미디 원피스,Peter Pan Collar Double-Breasted Gold-Button Pleated A-Line Office Midi Dress,"₩30,011–30,349",200 pieces,OEKO-TEX 100,https://www.alibaba.com/product-detail/Custom-Peter-Pan-Collar-Double-Breasted_1601054393564.html
womens-dresses-20,womens-dresses,女士连衣裙,여성 원피스,Women's Dresses,20,images/dress_20.img,홀터넥 백리스 미니 원피스,여름 홀터넥 백리스 바디콘 미니 원피스,Summer Halter-Neck Backless Bodycon Mini Dress,"₩16,213",50 pieces,OEKO-TEX 100,https://www.alibaba.com/product-detail/2026-New-Fashion-Summer-High-Quality_1601448580078.html
womens-dresses-21,womens-dresses,女士连衣裙,여성 원피스,Women's Dresses,21,images/dress_21.img,딥 V넥 플리츠 미니 원피스,솔리드 딥 V넥 플리츠 허리라인 미니 원피스,Solid Deep-V Pleated Waist Mini Dress,"₩14,183–16,365",1 piece,OEKO-TEX 100,https://www.alibaba.com/product-detail/2026-New-Solid-Color-Mini-Dresses_1601675577008.html
womens-dresses-22,womens-dresses,女士连衣裙,여성 원피스,Women's Dresses,22,images/dress_22.img,맞춤형 여성 원피스 OEM ODM,SHENGFU 소량 주문 맞춤형 여성 원피스 OEM/ODM,"SHENGFU Low-MOQ Custom Women's Dress, OEM/ODM Manufacturing","₩25,798–28,241",50 pieces,OEKO-TEX 100,https://www.alibaba.com/product-detail/SHENGFU-Professional-Custom-Dress-Manufacturer-MOQ_1601725766929.html
womens-dresses-23,womens-dresses,女士连衣裙,여성 원피스,Women's Dresses,23,images/dress_23.img,멀버리 실크 캐미솔 원피스,100% 멀버리 실크 레이스 V넥 캐미솔 A라인 원피스,100% Mulberry Silk Lace V-Neck Camisole A-Line Dress,"₩54,177–61,229",50 sets,OEKO-TEX 100,https://www.alibaba.com/product-detail/Factory-100-Pure-Mulberry-Silk-Camisole_1601757586357.html
womens-dresses-24,womens-dresses,女士连衣裙,여성 원피스,Women's Dresses,24,images/dress_24.img,플로럴 퍼프소매 미디 원피스,플로럴 스퀘어넥 퍼프소매 러플 밑단 코티지코어 미디 원피스,Floral Square-Neck Puff-Sleeve Ruffle-Hem Cottagecore Midi Dress,"₩22,898–32,592",50 pieces,OEKO-TEX 100,https://www.alibaba.com/product-detail/Custom-Womens-Floral-Square-Neck-Puff_1601723334758.html
womens-dresses-25,womens-dresses,女士连衣裙,여성 원피스,Women's Dresses,25,images/dress_25.img,바디콘 파티 맥시 원피스,신상 바디콘 파티·이브닝 맥시 원피스,New-Design Bodycon Party and Evening Maxi Dress,"₩15,113–27,326",10 pieces,OEKO-TEX 100,https://www.alibaba.com/product-detail/New-Design-Bodycon-Dress-Women-Wholesale_1600503226727.html
womens-dresses-26,womens-dresses,女士连衣裙,여성 원피스,Women's Dresses,26,images/dress_26.img,블랙 메쉬 레이스 파티 원피스,맞춤형 블랙 메쉬 바디콘 레이스 플로럴 러플 파티 원피스,Custom Black Mesh Bodycon Lace Floral Ruffle Party Dress,"₩11,908–16,336",20 sets,OEKO-TEX 100,https://www.alibaba.com/product-detail/Customized-Black-Mesh-Women-Tight-Sexy_1600619196684.html
womens-dresses-27,womens-dresses,女士连衣裙,여성 원피스,Women's Dresses,27,images/dress_27.img,내장 보정복 V넥 롱 원피스,Waistdear 친환경 V넥 심리스 롱 원피스 (내장 보정복),Waistdear Eco-Friendly V-Neck Seamless Long Dress with Built-in Shapewear,"₩12,915–14,350",1 piece,OEKO-TEX 100,https://www.alibaba.com/product-detail/Waistdear-Wholesale-Eco-friendly-Elegant-Casual_1600966988464.html
womens-dresses-28,womens-dresses,女士连衣裙,여성 원피스,Women's Dresses,28,images/dress_28.img,멀버리 실크 슬립 드레스,100% 멀버리 실크 여성 홈웨어 슬립 드레스,100% Mulberry Silk Women's Homewear Sleep Dress,"₩68,374–77,304",50 pieces,OEKO-TEX 100,https://www.alibaba.com/product-detail/New-Silk-Home-Wear-Soft-Wear_1601375592965.html
womens-dresses-29,womens-dresses,女士连衣裙,여성 원피스,Women's Dresses,29,images/dress_29.img,딥 V넥 테니스 원피스,딥 V넥 슬림핏 속건 테니스·골프 원피스 (안전 쇼츠),Deep-V Slim-Fit Quick-Dry Tennis and Golf Dress with Safety Shorts,"₩22,882–25,936",2 pieces,OEKO-TEX 100,https://www.alibaba.com/product-detail/Sexy-Deep-V-Neck-Slim-Tennis_1601793288237.html
womens-dresses-30,womens-dresses,女士连衣裙,여성 원피스,Women's Dresses,30,images/dress_30.img,리넨 하이넥 백리스 미디 원피스,미니멀 리넨 하이넥 백리스 민소매 미디 원피스 (포켓),Minimalist Linen High-Neck Backless Sleeveless Midi Dress with Pockets,"₩25,647–30,226",100 pieces,OEKO-TEX 100,https://www.alibaba.com/product-detail/Simple-Elegant-Dress-Waist-Cinching-Sleeveless_1601715587725.html
cooling-mattresses-01,cooling-mattresses,凉感床垫,쿨링 매트리스,Cooling Mattresses,1,images/cooling_mattress_01.img,호텔용 대나무 섬유 쿨링 매트리스 토퍼 (퀼팅·퀸 사이즈),호텔용 대나무 섬유 쿨링 매트리스 토퍼 (퀼팅·퀸 사이즈),Hotel Bamboo Mattress Topper Queen Size OEKO-TEX Quilted Mattress Pad Extra Thick Noiseless Cooling Protector Factory Wholesale,"₩14,973–27,930",50 pieces,OEKO-TEX 100,https://www.alibaba.com/product-detail/Hotel-Bamboo-Mattress-Topper-Queen-Size_1601221336309.html
cooling-mattresses-02,cooling-mattresses,凉感床垫,쿨링 매트리스,Cooling Mattresses,2,images/cooling_mattress_02.img,워터 순환 쿨링 매트리스 커버,워터 순환 쿨링 매트리스 커버,Cooling Mattress OEM Cooling and Heating Mattress Cover Customized Temperature Controller Water Cooling Heating Mattress Pad,"₩423,918–613,334",500 pieces,CE,https://www.alibaba.com/product-detail/Cooling-Mattress-OEM-Cooling-and-Heating_1601437231252.html
cooling-mattresses-03,cooling-mattresses,凉感床垫,쿨링 매트리스,Cooling Mattresses,3,images/cooling_mattress_03.img,호텔용 쿨링 매트리스 제품,호텔용 쿨링 매트리스 제품,Laurel Black Modern Hybrid Euro Top Mattress Cooling OEKO-TEX Certified Soft Touch Fabric Pocket Spring Core 30cm Thick Hotel,"₩472,388–924,771",2 pieces,OEKO-TEX 100,https://www.alibaba.com/product-detail/Laurel-Black-Modern-Hybrid-Euro-Top_12000001254247.html
cooling-mattresses-04,cooling-mattresses,凉感床垫,쿨링 매트리스,Cooling Mattresses,4,images/cooling_mattress_04.img,젤 메모리폼 쿨링 매트리스 제품 (퀸 사이즈),젤 메모리폼 쿨링 매트리스 제품 (퀸 사이즈),High Quality 10 Inch Queen Diamond Innerspring Hybrid and Cooling Gel Memory Foam Mattress With CertiPUR-US & Oeko TEX Certified,"₩300,052",1 piece,OEKO-TEX 100; CertiPUR,https://www.alibaba.com/product-detail/High-Quality-10-Inch-Queen-Diamond_1601572600370.html
cooling-mattresses-05,cooling-mattresses,凉感床垫,쿨링 매트리스,Cooling Mattresses,5,images/cooling_mattress_05.img,호텔용 극세사 쿨링 매트리스 토퍼 (방수·퀼팅·통기성),호텔용 극세사 쿨링 매트리스 토퍼 (방수·퀼팅·통기성),Breathable Quilted Microfiber Bed Protection Pad Waterproof Plain 160x200 Mattress Topper Plush Pad Cooling for Hospital Hotel,"₩6,264–7,526",100 pieces,OEKO-TEX 100; CE,https://www.alibaba.com/product-detail/Breathable-Quilted-Microfiber-Bed-Protection-Pad_1601678752668.html
cooling-mattresses-06,cooling-mattresses,凉感床垫,쿨링 매트리스,Cooling Mattresses,6,images/cooling_mattress_06.img,쿨링 매트리스 프로텍터 (방수·퀼팅),쿨링 매트리스 프로텍터 (방수·퀼팅),Cooling Quilted Mattress Pad Mattress Cover Stretch Skirt Waterproof Mattress Protector,"₩9,233–10,772",500 pieces,OEKO-TEX 100,https://www.alibaba.com/product-detail/Cooling-Quilted-Mattress-Pad-Mattress-Cover_62306153011.html
cooling-mattresses-07,cooling-mattresses,凉感床垫,쿨링 매트리스,Cooling Mattresses,7,images/cooling_mattress_07.img,쿨링 매트리스 토퍼 (퀼팅·통기성),쿨링 매트리스 토퍼 (퀼팅·통기성),Cooling 10cm Extra Thick Quilted +Nylon Mattress Pad Cover Super Soft Breathable Bed Topper OEKO-TEX Certified All-Season,"₩12,310–16,312",500 pieces,OEKO-TEX 100,https://www.alibaba.com/product-detail/Cooling-10cm-Extra-Thick-Quilted-Nylon_1601669853798.html
cooling-mattresses-08,cooling-mattresses,凉感床垫,쿨링 매트리스,Cooling Mattresses,8,images/cooling_mattress_08.img,쿨링 매트리스 토퍼 (방수·퀸 사이즈·킹 사이즈·저자극),쿨링 매트리스 토퍼 (방수·퀸 사이즈·킹 사이즈·저자극),Queen king Cooling Mattress Topper Pad Full Size Hypoallergenic Waterproof Mattress Pad,"₩7,680–12,294",500 pieces,OEKO-TEX 100; GRS,https://www.alibaba.com/product-detail/Queen-king-Cooling-Mattress-Topper-Pad_1601230755477.html
cooling-mattresses-09,cooling-mattresses,凉感床垫,쿨링 매트리스,Cooling Mattresses,9,images/cooling_mattress_09.img,젤 메모리폼 쿨링 매트리스 토퍼 (통기성),젤 메모리폼 쿨링 매트리스 토퍼 (통기성),Gel Infused Memory Foam Mattress Topper Cooling Mattress Pad Ventilated and Breathable,"₩26,159–27,698",100 pieces,RoHS,https://www.alibaba.com/product-detail/Gel-Infused-Memory-Foam-Mattress-Topper_1601047037199.html
cooling-mattresses-10,cooling-mattresses,凉感床垫,쿨링 매트리스,Cooling Mattresses,10,images/cooling_mattress_10.img,쿨링 매트리스 토퍼 (방수·통기성·퀸 사이즈·킹 사이즈),쿨링 매트리스 토퍼 (방수·통기성·퀸 사이즈·킹 사이즈),Cooling Waterproof King Queen Twin Mattress Protector Smooth Soft Breathable Fluffy Mattress Topper Pad,"₩7,694–10,002",200 pieces,OEKO-TEX 100,https://www.alibaba.com/product-detail/Cooling-Waterproof-King-Queen-Twin-Mattress_1601577673393.html
cooling-mattresses-11,cooling-mattresses,凉感床垫,쿨링 매트리스,Cooling Mattresses,11,images/cooling_mattress_11.img,대나무 섬유 젤 메모리폼 쿨링 매트리스 토퍼 (퀸 사이즈·킹 사이즈),대나무 섬유 젤 메모리폼 쿨링 매트리스 토퍼 (퀸 사이즈·킹 사이즈),OEKO-TEX Cooling Gel Infused Memory Foam Mattress Topper Foldable King/Queen Size Bed Pads Bamboo Cover Folded Folding Mat,"₩27,405–34,623",300 pieces,OEKO-TEX 100,https://www.alibaba.com/product-detail/OEKO-TEX-Cooling-Gel-Infused-Memory_1600168814464.html
cooling-mattresses-12,cooling-mattresses,凉感床垫,쿨링 매트리스,Cooling Mattresses,12,images/cooling_mattress_12.img,쿨링 매트리스 프로텍터 (방수·퀼팅·피티드),쿨링 매트리스 프로텍터 (방수·퀼팅·피티드),Customized Cooling Mattress Pad Quilted Fitted Waterproof Mattress Protector,"₩8,463–13,080",500 pieces,OEKO-TEX 100,https://www.alibaba.com/product-detail/Customized-Cooling-Mattress-Pad-Quilted-Fitted_1601358915030.html
cooling-mattresses-13,cooling-mattresses,凉感床垫,쿨링 매트리스,Cooling Mattresses,13,images/cooling_mattress_13.img,쿨링 매트리스 프로텍터 (방수·통기성),쿨링 매트리스 프로텍터 (방수·통기성),Deep Pocket Cooling Breathable Fluffy Soft Mattress Pad Noiseless Mattress Cover Waterproof Mattress Protector,"₩6,618–16,312",500 pieces,OEKO-TEX 100,https://www.alibaba.com/product-detail/Deep-Pocket-Cooling-Breathable-Fluffy-Soft_1600683568036.html
cooling-mattresses-14,cooling-mattresses,凉感床垫,쿨링 매트리스,Cooling Mattresses,14,images/cooling_mattress_14.img,쿨링 매트리스 토퍼 (퀼팅·킹 사이즈),쿨링 매트리스 토퍼 (퀼팅·킹 사이즈),Naturally Cooling 100% Cotton Mattress Topper Pad King Size Folded OEKO-TEX Certified Eco-Friendly All-Season Quilted Elastic,"₩9,233–23,082",100 pieces,GRS; OEKO-TEX 100,https://www.alibaba.com/product-detail/Naturally-Cooling-100-Cotton-Mattress-Topper_1600410941553.html
cooling-mattresses-15,cooling-mattresses,凉感床垫,쿨링 매트리스,Cooling Mattresses,15,images/cooling_mattress_15.img,대나무 섬유 쿨링 매트리스 토퍼 (퀼팅),대나무 섬유 쿨링 매트리스 토퍼 (퀼팅),Full Size Extra Plush Rayon From Bamboo Cooling Topper for Restful Sleep Quilted Bamboo Mattress Pad Topper,"₩32,315–36,761",300 pieces,GRS,https://www.alibaba.com/product-detail/Full-Size-Extra-Plush-Rayon-From_1600897157135.html
cooling-mattresses-16,cooling-mattresses,凉感床垫,쿨링 매트리스,Cooling Mattresses,16,images/cooling_mattress_16.img,호텔용 메모리폼 쿨링 매트리스 제품,호텔용 메모리폼 쿨링 매트리스 제품,COSTFULL 8/10/12/14 Inch Modern School Hotel Use Memory Foam Hybrid Pocket Spring Compressed Mattress Cooling OEKO-TEX Certified,"₩136,793–153,720",2 pieces,OEKO-TEX 100,https://www.alibaba.com/product-detail/COSTFULL-8-10-12-14-Inch_1601594572868.html
cooling-mattresses-17,cooling-mattresses,凉感床垫,쿨링 매트리스,Cooling Mattresses,17,images/cooling_mattress_17.img,쿨링 매트리스 패드 (통기성),쿨링 매트리스 패드 (통기성),Breathable Sleep Cool Wake Refreshed Quite Soft and Comfortable Cooling Mattress Pad Keep Clean and Free of Dust Mites,"₩11,541–32,006",500 pieces,GRS; OEKO-TEX 100,https://www.alibaba.com/product-detail/Breathable-Sleep-Cool-Wake-Refreshed-Quite_62275980125.html
cooling-mattresses-18,cooling-mattresses,凉感床垫,쿨링 매트리스,Cooling Mattresses,18,images/cooling_mattress_18.img,대나무 섬유 쿨링 매트리스 프로텍터 (방수·통기성·피티드),대나무 섬유 쿨링 매트리스 프로텍터 (방수·통기성·피티드),Oeko-tex 100 Certificated Breathable Cooling Bamboo Viscose Fitted Bed Sheet Waterproof Mattress Protector,"₩4,448–9,081",50 sets,OEKO-TEX 100,https://www.alibaba.com/product-detail/Oeko-tex-100-Certificated-Breathable-Cooling_1601354379281.html
cooling-mattresses-19,cooling-mattresses,凉感床垫,쿨링 매트리스,Cooling Mattresses,19,images/cooling_mattress_19.img,쿨링 매트리스 토퍼,쿨링 매트리스 토퍼,OEKO-TEX Certified Modern Cooling Foam Topper Customizable Premium Mattress B2B Private Label Hybrid Comfort Pocket Bedroom,"₩212,344–398,530",2 pieces,OEKO-TEX 100,https://www.alibaba.com/product-detail/OEKO-TEX-Certified-Modern-Cooling-Foam_12000001299118.html
cooling-mattresses-20,cooling-mattresses,凉感床垫,쿨링 매트리스,Cooling Mattresses,20,images/cooling_mattress_20.img,극세사 쿨링 매트리스 토퍼 (방수·퀼팅·피티드·퀸 사이즈),극세사 쿨링 매트리스 토퍼 (방수·퀼팅·피티드·퀸 사이즈),OEM/ODM 4 Inch Single Queen king Size Microfiber Fitted Quilted Cooling Waterproof Bed Mattress Pad Topper Cover Protector,"₩7,680–11,772",500 pieces,OEKO-TEX 100; GRS,https://www.alibaba.com/product-detail/OEM-ODM-4-Inch-Single-Queen_1600739238369.html
cooling-mattresses-21,cooling-mattresses,凉感床垫,쿨링 매트리스,Cooling Mattresses,21,images/cooling_mattress_21.img,쿨링 매트리스 토퍼 (피티드),쿨링 매트리스 토퍼 (피티드),OEKO BSCI ISO Wholesale Bedroom Plain Style Knitted Bed Mat Cover Cooling Mattress Topper with Fitted Sheet Protector,"₩15,081",100 pieces,BSCI; ISO,https://www.alibaba.com/product-detail/OEKO-BSCI-ISO-Wholesale-Bedroom-Plain_1600611903629.html
cooling-mattresses-22,cooling-mattresses,凉感床垫,쿨링 매트리스,Cooling Mattresses,22,images/cooling_mattress_22.img,대나무 섬유 쿨링 매트리스 토퍼 (세탁 가능),대나무 섬유 쿨링 매트리스 토퍼 (세탁 가능),Eco-Friendly Washable 800gsm Bamboo Polyester Jacquard Protector Cover Pad Cooling Mattress Topper,"₩11,804–18,465",50 pieces,BCI,https://www.alibaba.com/product-detail/Eco-Friendly-Washable-800gsm-Bamboo-Polyester_1601030009000.html
cooling-mattresses-23,cooling-mattresses,凉感床垫,쿨링 매트리스,Cooling Mattresses,23,images/cooling_mattress_23.img,쿨링 매트리스 토퍼 (퀼팅·피티드·킹 사이즈),쿨링 매트리스 토퍼 (퀼팅·피티드·킹 사이즈),Cooling Mattress Topper Mattress Pad Pillow Top Quilted Fitted Mattress Cover Protector Extra Long Cotton In Rolling Packing,"₩17,696",500 pieces,OEKO-TEX 100,https://www.alibaba.com/product-detail/Cooling-Mattress-Topper-Mattress-Pad-Pillow_1600230158476.html
cooling-mattresses-24,cooling-mattresses,凉感床垫,쿨링 매트리스,Cooling Mattresses,24,images/cooling_mattress_24.img,쿨링 매트리스 프로텍터 (방수),쿨링 매트리스 프로텍터 (방수),Noiseless Cooling 360 Pad Protection Spills 100% Waterproof OEKO-TEX Certified Anti-Bacteria Air-permeable Mattress Protector,"₩7,388–10,926",500 pieces,OEKO-TEX 100,https://www.alibaba.com/product-detail/Noiseless-Cooling-360-Pad-Protection-Spills_1601574263192.html
cooling-mattresses-25,cooling-mattresses,凉感床垫,쿨링 매트리스,Cooling Mattresses,25,images/cooling_mattress_25.img,대나무 섬유 쿨링 매트리스 토퍼 (방수),대나무 섬유 쿨링 매트리스 토퍼 (방수),"Waterproof Mattress Protector Ultra Soft Bamboo Cooling Mattress Cover, Vinyl-Free Mattress Topper,","₩6,464–9,696",100 pieces,OEKO-TEX 100,https://www.alibaba.com/product-detail/Waterproof-Mattress-Protector-Ultra-Soft-Bamboo_1600443266016.html
cooling-mattresses-26,cooling-mattresses,凉感床垫,쿨링 매트리스,Cooling Mattresses,26,images/cooling_mattress_26.img,쿨링 매트리스 프로텍터 (방수·저자극),쿨링 매트리스 프로텍터 (방수·저자극),Hypoallergenic Soft Cooling Mattress Cover 100% Waterproof Mattress Protector,"₩8,463–12,310",500 pieces,OEKO-TEX 100,https://www.alibaba.com/product-detail/Hypoallergenic-Soft-Cooling-Mattress-Cover-100_1601250969342.html
cooling-mattresses-27,cooling-mattresses,凉感床垫,쿨링 매트리스,Cooling Mattresses,27,images/cooling_mattress_27.img,극세사 쿨링 매트리스 토퍼,극세사 쿨링 매트리스 토퍼,Extra Thick Long Microfiber Protector Cover Soft Cooling Mattress Topper for College Dorm Room Essentials,"₩23,082–29,237",500 pieces,GRS,https://www.alibaba.com/product-detail/Extra-Thick-Long-Microfiber-Protector-Cover_1601596436068.html
cooling-mattresses-28,cooling-mattresses,凉感床垫,쿨링 매트리스,Cooling Mattresses,28,images/cooling_mattress_28.img,호텔용 쿨링 매트리스 토퍼 (퀼팅·퀸 사이즈·킹 사이즈),호텔용 쿨링 매트리스 토퍼 (퀼팅·퀸 사이즈·킹 사이즈),Queen king Cooling Mattress Topper Pad Quilted Mattress Protector Cover Hotel Superfine Fiber 180x200 90x200 Mattress Topper,"₩7,680–9,464","1,000 pieces",OEKO-TEX 100,https://www.alibaba.com/product-detail/Queen-king-Cooling-Mattress-Topper-Pad_1601733999768.html
cooling-mattresses-29,cooling-mattresses,凉感床垫,쿨링 매트리스,Cooling Mattresses,29,images/cooling_mattress_29.img,젤 메모리폼 쿨링 매트리스 토퍼,젤 메모리폼 쿨링 매트리스 토퍼,4 Inches Medium Firm Memory Foam Mattress Topper Cooling Gel Shredded Material Folded Pressure Relief OEKO-TEX Certified,"₩46,148",500 pieces,OEKO-TEX 100,https://www.alibaba.com/product-detail/4-Inches-Medium-Firm-Memory-Foam_1601219793724.html
cooling-mattresses-30,cooling-mattresses,凉感床垫,쿨링 매트리스,Cooling Mattresses,30,images/cooling_mattress_30.img,극세사 쿨링 매트리스 프로텍터 (퀼팅),극세사 쿨링 매트리스 프로텍터 (퀼팅),Manufacturer Full Size Soft Microfiber Mattress Pad Protector Cover Pain Relief Quilted Cooling Pillow Top Deep Pocket Oeko-tex,"₩21,389–29,083",300 pieces,OEKO-TEX 100,https://www.alibaba.com/product-detail/Manufacturer-Full-Size-Soft-Microfiber-Mattress_1601769561583.html
desktop-organizers-01,desktop-organizers,桌面整理柜,데스크 정리함,Desktop Organizers,1,images/desktop_organizer_01.img,원목 월넛 데스크탑 서랍형 수납장,원목 월넛 데스크탑 서랍형 수납장,Solid Walnut Desktop Drawer Cabinet Wooden Storage Box Sundries Desk Organizer Storage Cabinet Household Desktop Drawers,"₩13,665–24,160",500 units,CE,https://www.alibaba.com/product-detail/Solid-Walnut-Desktop-Drawer-Cabinet-Wooden_1601667196968.html
desktop-organizers-02,desktop-organizers,桌面整理柜,데스크 정리함,Desktop Organizers,2,images/desktop_organizer_02.img,플라스틱 데스크탑 서랍형 수납장 (오피스용·화장품 수납),플라스틱 데스크탑 서랍형 수납장 (오피스용·화장품 수납),Household Office Cabinet Plastic PP Desktop Makeup Cosmetic Drawer Container Organizer Storage Box Bins Set Multi Layer,"₩4,355–13,157",200 pieces,RoHS,https://www.alibaba.com/product-detail/Household-Office-Cabinet-Plastic-PP-Desktop_1600900254005.html
desktop-organizers-03,desktop-organizers,桌面整理柜,데스크 정리함,Desktop Organizers,3,images/desktop_organizer_03.img,플라스틱 데스크탑 서랍형 수납장 (스택형·문구 수납·화장품 수납),플라스틱 데스크탑 서랍형 수납장 (스택형·문구 수납·화장품 수납),"Modern Plastic Desktop Storage Drawer Cabinet with Stackable Design for Cosmetics and Stationery, RoHS Certified Home Organizer","₩1,986–11,988",10 pieces,RoHS,https://www.alibaba.com/product-detail/Modern-Plastic-Desktop-Storage-Drawer-Cabinet_1601587077454.html
desktop-organizers-04,desktop-organizers,桌面整理柜,데스크 정리함,Desktop Organizers,4,images/desktop_organizer_04.img,금속 스틸 언더데스크 서랍형 수납장 (잠금식·오피스용),금속 스틸 언더데스크 서랍형 수납장 (잠금식·오피스용),"Modern 6-Drawer Metal Mobile Filing Cabinet, Slim Steel Under Desk Storage Organizer with Lock for Office, Home & Hospital","₩40,009",1 piece,CE; RoHS; RED,https://www.alibaba.com/product-detail/Modern-6-Drawer-Metal-Mobile-Filing_1601227308654.html
desktop-organizers-05,desktop-organizers,桌面整理柜,데스크 정리함,Desktop Organizers,5,images/desktop_organizer_05.img,언더데스크 서랍형 수납장 (부착식·슬라이딩·주방 겸용),언더데스크 서랍형 수납장 (부착식·슬라이딩·주방 겸용),Under Desk Mounted Sliding Adhesive Cupboard Pull Out Kitchen Cabinet Organizer Storage Pull Drawers for Pantry Cabinets Stick,"₩6,003–8,463",200 pieces,RoHS,https://www.alibaba.com/product-detail/Under-Desk-Mounted-Sliding-Adhesive-Cupboard_1601449192857.html
desktop-organizers-06,desktop-organizers,桌面整理柜,데스크 정리함,Desktop Organizers,6,images/desktop_organizer_06.img,금속 스틸 언더데스크 파일 캐비닛,금속 스틸 언더데스크 파일 캐비닛,Metal Drawer File Cabinet Under Desk Filling Cabinet Steel Mobile Storage Drawers Metal Mobile Pedestal Movable 3 Drawers,"₩40,009–43,086",10 pieces,CE,https://www.alibaba.com/product-detail/Metal-Drawer-File-Cabinet-Under-Desk_1601777617552.html
desktop-organizers-07,desktop-organizers,桌面整理柜,데스크 정리함,Desktop Organizers,7,images/desktop_organizer_07.img,데스크탑 서랍형 수납장,데스크탑 서랍형 수납장,Art Organizer & Storage Solution 24 Drawer Crafts & Desktop Organization| Apothecary Cabinet Chest Library Card Catalog Cabinet,"₩19,988–24,605",500 units,CE,https://www.alibaba.com/product-detail/Art-Organizer-Storage-Solution-24-Drawer_1600869576769.html
desktop-organizers-08,desktop-organizers,桌面整理柜,데스크 정리함,Desktop Organizers,8,images/desktop_organizer_08.img,원목 데스크탑 서랍형 수납장 (오피스용),원목 데스크탑 서랍형 수납장 (오피스용),Whitewashed Wooden Desktop Office Organizer Notebook Pen Sticky Notes Rack Shelf Drawer Tabletop Wood Storage Cabinet,"₩8,788–11,357",100 pieces,CE,https://www.alibaba.com/product-detail/Whitewashed-Wooden-Desktop-Office-Organizer-Notebook_1601027439626.html
desktop-organizers-09,desktop-organizers,桌面整理柜,데스크 정리함,Desktop Organizers,9,images/desktop_organizer_09.img,플라스틱 데스크탑 서랍형 수납장 (화장품 수납),플라스틱 데스크탑 서랍형 수납장 (화장품 수납),PP Plastic Desktop Organizer Cosmetic Makeup & Jewelry Drawer Storage Cabinet Storage Boxes & Bins,"₩4,616",100 pieces,CE,https://www.alibaba.com/product-detail/PP-Plastic-Desktop-Organizer-Cosmetic-Makeup_1600914864240.html
desktop-organizers-10,desktop-organizers,桌面整理柜,데스크 정리함,Desktop Organizers,10,images/desktop_organizer_10.img,플라스틱 데스크탑 서랍형 수납장 (스택형·주방 겸용),플라스틱 데스크탑 서랍형 수납장 (스택형·주방 겸용),GREENSIDE Household PP Plastic Storage Bins Boxes Stackable Medicine Cabinet Desktop Drawer Living Room Makeup Organizer Kitchen,₩402,81 pieces,FSC,https://www.alibaba.com/product-detail/GREENSIDE-Household-PP-Plastic-Storage-Bins_1601559595739.html
desktop-organizers-11,desktop-organizers,桌面整理柜,데스크 정리함,Desktop Organizers,11,images/desktop_organizer_11.img,투명 플라스틱 데스크탑 서랍형 수납장 (스택형),투명 플라스틱 데스크탑 서랍형 수납장 (스택형),Stackable Rectangle Storage Drawers Plastic Desktop Box Cabinet Closet Organizer Transparent Room Wardrobe Home Storage,"₩1,847–5,540",10 pieces,CE,https://www.alibaba.com/product-detail/Stackable-Rectangle-Storage-Drawers-Plastic-Desktop_1601382146907.html
desktop-organizers-12,desktop-organizers,桌面整理柜,데스크 정리함,Desktop Organizers,12,images/desktop_organizer_12.img,플라스틱 언더데스크 수납 서랍 (오피스용),플라스틱 언더데스크 수납 서랍 (오피스용),2pcs/set Injection Technics Plastic Storage Organizer Drawer Square Shape under Desk Storage for Office Home Use Free Sample,"₩2,079–2,186",500 sets,CE,https://www.alibaba.com/product-detail/2pcs-set-Injection-Technics-Plastic-Storage_1601110809743.html
desktop-organizers-13,desktop-organizers,桌面整理柜,데스크 정리함,Desktop Organizers,13,images/desktop_organizer_13.img,PET 플라스틱 언더데스크 수납 서랍 (오피스용·주방 겸용),PET 플라스틱 언더데스크 수납 서랍 (오피스용·주방 겸용),Clear PET Under Desk Drawer for Plastic Kitchen Organizer Home Office Desk Layer Drawer Mobile Phone Storage Box,"₩3,333–3,394",100 pieces,CE,https://www.alibaba.com/product-detail/Clear-PET-Under-Desk-Drawer-for_1600957593804.html
desktop-organizers-14,desktop-organizers,桌面整理柜,데스크 정리함,Desktop Organizers,14,images/desktop_organizer_14.img,플라스틱 언더데스크 수납 서랍 (부착식·슬라이딩·오피스용),플라스틱 언더데스크 수납 서랍 (부착식·슬라이딩·오피스용),Plastic Sliding Slim Self-Adhesive Double Layer Under Desk Drawer Hidden Storage Box Drawer Office Dormitory,"₩5,709–6,172",500 pieces,CE,https://www.alibaba.com/product-detail/Plastic-Sliding-Slim-Self-Adhesive-Double_1600376719300.html
desktop-organizers-15,desktop-organizers,桌面整理柜,데스크 정리함,Desktop Organizers,15,images/desktop_organizer_15.img,플라스틱 언더데스크 수납 서랍 (오피스용),플라스틱 언더데스크 수납 서랍 (오피스용),GREENSIDE Modern Double Drawer Under Desk Storage Box High Quality ABS Plastic Office Household Organizer,"₩2,817–3,817","1,000 pieces",FSC,https://www.alibaba.com/product-detail/GREENSIDE-Modern-Double-Drawer-Under-Desk_1601390457014.html
desktop-organizers-16,desktop-organizers,桌面整理柜,데스크 정리함,Desktop Organizers,16,images/desktop_organizer_16.img,언더데스크 수납 서랍 (부착식·오피스용·주방 겸용),언더데스크 수납 서랍 (부착식·오피스용·주방 겸용),"AU CAT Under Desk Drawer, Set for Office/Bedroom/School/Kitchen, Self-Adhesive Under Desk Storage for Phone/Pens/Pencils","₩1,832",500 pieces,RoHS,https://www.alibaba.com/product-detail/AU-CAT-Under-Desk-Drawer-Set_1600457542796.html
desktop-organizers-17,desktop-organizers,桌面整理柜,데스크 정리함,Desktop Organizers,17,images/desktop_organizer_17.img,언더데스크 수납 서랍 (슬라이드아웃·오피스용),언더데스크 수납 서랍 (슬라이드아웃·오피스용),Multi Functional Under Desk Drawer Slide Out Hidden Desk Drawers Organizer for Office Home Under Desk Storage,"₩3,003–3,155",500 pieces,GRS,https://www.alibaba.com/product-detail/Multi-Functional-Under-Desk-Drawer-Slide_1601419637669.html
desktop-organizers-18,desktop-organizers,桌面整理柜,데스크 정리함,Desktop Organizers,18,images/desktop_organizer_18.img,데스크탑 수납 박스 (오피스용),데스크탑 수납 박스 (오피스용),FSC&BSCI&EUDR Wood Desktop Storage Cabinet/Workspace Document Office Necessity Organizer,"₩2,079–8,234",500 pieces,FSC; BSCI,https://www.alibaba.com/product-detail/FSC-BSCI-EUDR-Wood-Desktop-Storage_1601685226765.html
desktop-organizers-19,desktop-organizers,桌面整理柜,데스크 정리함,Desktop Organizers,19,images/desktop_organizer_19.img,금속 언더데스크 수납 박스 (오피스용),금속 언더데스크 수납 박스 (오피스용),2 Pack Under Desk Shelf Metal -Under Desk Organizer Under Shelf Storage for Office Tables & Workstations,"₩6,925–7,233",500 pieces,GRS,https://www.alibaba.com/product-detail/2-Pack-Under-Desk-Shelf-Metal_1601673897031.html
desktop-organizers-20,desktop-organizers,桌面整理柜,데스크 정리함,Desktop Organizers,20,images/desktop_organizer_20.img,플라스틱 언더데스크 서랍형 수납장 (부착식·주방 겸용),플라스틱 언더데스크 서랍형 수납장 (부착식·주방 겸용),Plastic Kitchen Cabinet Storage Organizer Box Self-adhesive Under Desk Drawer,"₩10,465–10,758",100 pieces,Listing not specified,https://www.alibaba.com/product-detail/Plastic-Kitchen-Cabinet-Storage-Organizer-Box_1600759193848.html
desktop-organizers-21,desktop-organizers,桌面整理柜,데스크 정리함,Desktop Organizers,21,images/desktop_organizer_21.img,스틸 언더데스크 서랍형 수납장,스틸 언더데스크 서랍형 수납장,DA09-3 Under Desk Storage Box Hidden Drawer Slide Mounted Organizer Steel Container Removable Tray Cabinet Shelf Storage,"₩16,927–17,973",300 pieces,Listing not specified,https://www.alibaba.com/product-detail/DA09-3-Under-Desk-Storage-Box_1600729960417.html
desktop-organizers-22,desktop-organizers,桌面整理柜,데스크 정리함,Desktop Organizers,22,images/desktop_organizer_22.img,언더데스크 서랍형 수납장 (부착식·슬라이드아웃),언더데스크 서랍형 수납장 (부착식·슬라이드아웃),Hanging Under Desk Storage Box Slide Out Self-adhesive Attachable Under Desk Drawer Organizer Cabinet Hidden Desktop Organizer,"₩2,894–7,417",2 sets,Listing not specified,https://www.alibaba.com/product-detail/Hanging-Under-Desk-Storage-Box-Slide_1600817144202.html
desktop-organizers-23,desktop-organizers,桌面整理柜,데스크 정리함,Desktop Organizers,23,images/desktop_organizer_23.img,데스크탑 서랍형 수납장 (화장품 수납),데스크탑 서랍형 수납장 (화장품 수납),Frins Leather Comb Cases Storage Organizer Makeup Skin Care Box Cosmetic Desktop Cabinets Leather With Drawers,"₩22,773–70,476",1 piece,Listing not specified,https://www.alibaba.com/product-detail/Frins-Leather-Comb-Cases-Storage-Organizer_1600944425690.html
desktop-organizers-24,desktop-organizers,桌面整理柜,데스크 정리함,Desktop Organizers,24,images/desktop_organizer_24.img,플라스틱 금속 데스크탑 서랍형 수납장,플라스틱 금속 데스크탑 서랍형 수납장,MFTLong 48 Drawers Plastic Storage Cabinet Wholesale Metal Desktop & Drawer Organizer for Living Room/Bathroom/Tools 48 Drawers,"₩92,325–100,019",2 pieces,Listing not specified,https://www.alibaba.com/product-detail/MFTLong-48-Drawers-Plastic-Storage-Cabinet_1600555233422.html
desktop-organizers-25,desktop-organizers,桌面整理柜,데스크 정리함,Desktop Organizers,25,images/desktop_organizer_25.img,데스크탑 서랍형 수납장 (오피스용·화장품 수납),데스크탑 서랍형 수납장 (오피스용·화장품 수납),Wholesale Professional Factory Desktop Cabinet Office Storage Makeup Organizer Desktop Cosmetics Storage Drawer Cabinet,"₩1,539–3,078",200 pieces,Listing not specified,https://www.alibaba.com/product-detail/Wholesale-Professional-Factory-Desktop-Cabinet-Office_1600771362154.html
desktop-organizers-26,desktop-organizers,桌面整理柜,데스크 정리함,Desktop Organizers,26,images/desktop_organizer_26.img,데스크탑 서랍형 수납장 (주방 겸용),데스크탑 서랍형 수납장 (주방 겸용),5-Drawer Wood Desktop Organizer with Storage Cabinet Sewing Box DIY Craft Project Solution-for Kitchen and Living Room,"₩4,310–5,386",500 pieces,Listing not specified,https://www.alibaba.com/product-detail/5-Drawer-Wood-Desktop-Organizer-with_60774815763.html
desktop-organizers-27,desktop-organizers,桌面整理柜,데스크 정리함,Desktop Organizers,27,images/desktop_organizer_27.img,플라스틱 데스크탑 서랍형 수납장 (스택형·오피스용),플라스틱 데스크탑 서랍형 수납장 (스택형·오피스용),A4 Paper Drawer Cabinet Plastic Office Storage Organizer With Stackable Desktop Drawer,"₩5,971–8,463",128 pieces,Listing not specified,https://www.alibaba.com/product-detail/A4-Paper-Drawer-Cabinet-Plastic-Office_60709816273.html
desktop-organizers-28,desktop-organizers,桌面整理柜,데스크 정리함,Desktop Organizers,28,images/desktop_organizer_28.img,플라스틱 데스크탑 서랍형 수납장 (문구 수납),플라스틱 데스크탑 서랍형 수납장 (문구 수납),2402 Eco-Friendly Plastic Drawer Cabinet with Two Drawers Modern Student Desktop Storage Organizer Box for Stationery,"₩3,695",800 pieces,Listing not specified,https://www.alibaba.com/product-detail/2402-Eco-Friendly-Plastic-Drawer-Cabinet_1601341915451.html
desktop-organizers-29,desktop-organizers,桌面整理柜,데스크 정리함,Desktop Organizers,29,images/desktop_organizer_29.img,데스크탑 서랍형 수납장 (오피스용),데스크탑 서랍형 수납장 (오피스용),Rustic Brown Wood Desktop Office Organizer Drawers/Craft Supplies Storage Cabinet,"₩11,080–18,465",500 pieces,Listing not specified,https://www.alibaba.com/product-detail/Rustic-Brown-Wood-Desktop-Office-Organizer_62128831859.html
desktop-organizers-30,desktop-organizers,桌面整理柜,데스크 정리함,Desktop Organizers,30,images/desktop_organizer_30.img,플라스틱 데스크탑 서랍형 수납장 (문구 수납·오피스용·화장품 수납),플라스틱 데스크탑 서랍형 수납장 (문구 수납·오피스용·화장품 수납),MONR Wholesale PP Cosmetic Storage Drawer Plastic Desktop Cabinet with Pen Stationery Organizer Box for Office Use,"₩1,586–2,340",48 pieces,Listing not specified,https://www.alibaba.com/product-detail/MONR-Wholesale-PP-Cosmetic-Storage-Drawer_1601459800178.html
